engine_id,actual_RUL,predicted_RUL,error,health_score,risk_level,maintenance_action
1,112,177.31381,65.31381225585938,100.0,LOW,Continue monitoring
2,98,140.76747,42.76747131347656,100.0,LOW,Continue monitoring
3,69,62.364845,-6.635154724121094,74.95,LOW,Continue monitoring
4,82,74.277245,-7.722755432128906,79.71,LOW,Continue monitoring
5,91,109.10154,18.101539611816406,93.64,LOW,Continue monitoring
6,93,119.71668,26.71668243408203,97.89,LOW,Continue monitoring
7,91,108.95189,17.951889038085938,93.58,LOW,Continue monitoring
8,95,81.59269,-13.407310485839844,82.64,LOW,Continue monitoring
9,111,149.14844,38.1484375,100.0,LOW,Continue monitoring
10,96,130.13826,34.13825988769531,100.0,LOW,Continue monitoring
11,97,99.937935,2.937934875488281,89.98,LOW,Continue monitoring
12,124,118.505905,-5.4940948486328125,97.4,LOW,Continue monitoring
13,95,137.95955,42.95954895019531,100.0,LOW,Continue monitoring
14,107,133.4891,26.48910522460937,100.0,LOW,Continue monitoring
15,83,145.47186,62.47186279296875,100.0,LOW,Continue monitoring
16,84,120.26465,36.2646484375,98.11,LOW,Continue monitoring
17,50,51.936676,1.936676025390625,70.77,LOW,Continue monitoring
18,28,66.06819,38.06819152832031,76.43,LOW,Continue monitoring
19,87,135.9037,48.90370178222656,100.0,LOW,Continue monitoring
20,16,20.16526,4.165260314941406,30.22,MEDIUM,Schedule inspection
21,57,70.220146,13.22014617919922,78.09,LOW,Continue monitoring
22,111,123.71889,12.718887329101562,99.49,LOW,Continue monitoring
23,113,174.81192,61.811920166015625,100.0,LOW,Continue monitoring
24,20,25.72071,5.720710754394531,37.63,MEDIUM,Schedule inspection
25,145,145.7221,0.72210693359375,100.0,LOW,Continue monitoring
26,119,113.83889,-5.161109924316406,95.54,LOW,Continue monitoring
27,66,90.54718,24.54718017578125,86.22,LOW,Continue monitoring
28,97,89.59934,-7.400657653808594,85.84,LOW,Continue monitoring
29,90,111.2266,21.226600646972656,94.49,LOW,Continue monitoring
30,115,85.5219,-29.478103637695312,84.21,LOW,Continue monitoring
31,8,10.909662,2.9096622467041016,16.36,HIGH,Immediate maintenance review
32,48,43.190323,-4.8096771240234375,60.92,MEDIUM,Schedule inspection
33,106,135.37732,29.3773193359375,100.0,LOW,Continue monitoring
34,7,6.0075974,-0.9924025535583496,9.01,HIGH,Immediate maintenance review
35,11,12.008268,1.0082683563232422,18.01,HIGH,Immediate maintenance review
36,19,19.35178,0.3517799377441406,29.03,HIGH,Immediate maintenance review
37,21,61.413017,40.41301727294922,74.57,LOW,Continue monitoring
38,50,43.49368,-6.506320953369141,61.32,MEDIUM,Schedule inspection
39,142,173.01346,31.013458251953125,100.0,LOW,Continue monitoring
40,28,28.327127,0.327127456665039,41.1,MEDIUM,Schedule inspection
41,18,44.844723,26.84472274780273,63.13,MEDIUM,Schedule inspection
42,10,19.237638,9.237638473510742,28.86,HIGH,Immediate maintenance review
43,59,67.25963,8.259628295898438,76.9,LOW,Continue monitoring
44,109,114.309616,5.309616088867188,95.72,LOW,Continue monitoring
45,114,60.64572,-53.354278564453125,74.26,LOW,Continue monitoring
46,47,43.157757,-3.842243194580078,60.88,MEDIUM,Schedule inspection
47,135,109.26085,-25.73915100097656,93.7,LOW,Continue monitoring
48,92,113.45147,21.45146942138672,95.38,LOW,Continue monitoring
49,21,25.70796,4.70796012878418,37.61,MEDIUM,Schedule inspection
50,79,116.50104,37.50103759765625,96.6,LOW,Continue monitoring
51,114,81.21726,-32.782737731933594,82.49,LOW,Continue monitoring
52,29,36.572796,7.572795867919922,52.1,MEDIUM,Schedule inspection
53,26,36.837914,10.837913513183594,52.45,MEDIUM,Schedule inspection
54,97,127.58045,30.58045196533203,100.0,LOW,Continue monitoring
55,137,130.89793,-6.102066040039063,100.0,LOW,Continue monitoring
56,15,14.73922,-0.2607803344726562,22.11,HIGH,Immediate maintenance review
57,103,92.8916,-10.1083984375,87.16,LOW,Continue monitoring
58,37,43.125862,6.125862121582031,60.83,MEDIUM,Schedule inspection
59,114,141.30775,27.30775451660156,100.0,LOW,Continue monitoring
60,100,88.91921,-11.080787658691406,85.57,LOW,Continue monitoring
61,21,39.481335,18.481334686279297,55.98,MEDIUM,Schedule inspection
62,54,56.613922,2.613922119140625,72.65,LOW,Continue monitoring
63,72,64.45924,-7.5407562255859375,75.78,LOW,Continue monitoring
64,28,37.365856,9.365856170654297,53.15,MEDIUM,Schedule inspection
65,128,192.83943,64.83943176269531,100.0,LOW,Continue monitoring
66,14,13.567271,-0.4327287673950195,20.35,HIGH,Immediate maintenance review
67,77,138.28955,61.28955078125,100.0,LOW,Continue monitoring
68,8,11.712087,3.7120866775512695,17.57,HIGH,Immediate maintenance review
69,121,156.54297,35.54296875,100.0,LOW,Continue monitoring
70,94,90.070175,-3.9298248291015625,86.03,LOW,Continue monitoring
71,118,157.49586,39.49586486816406,100.0,LOW,Continue monitoring
72,50,77.05582,27.055816650390625,80.82,LOW,Continue monitoring
73,131,125.56832,-5.431678771972656,100.0,LOW,Continue monitoring
74,126,80.50285,-45.49714660644531,82.2,LOW,Continue monitoring
75,113,123.61905,10.619049072265623,99.45,LOW,Continue monitoring
76,10,9.154733,-0.8452672958374023,13.73,HIGH,Immediate maintenance review
77,34,48.0829,14.082901000976562,67.44,MEDIUM,Schedule inspection
78,107,185.97758,78.97758483886719,100.0,LOW,Continue monitoring
79,63,99.5193,36.51930236816406,89.81,LOW,Continue monitoring
80,90,70.44579,-19.55420684814453,78.18,LOW,Continue monitoring
81,8,7.149081,-0.8509187698364258,10.72,HIGH,Immediate maintenance review
82,9,13.307988,4.307988166809082,19.96,HIGH,Immediate maintenance review
83,137,128.25009,-8.749908447265625,100.0,LOW,Continue monitoring
84,58,68.150444,10.15044403076172,77.26,LOW,Continue monitoring
85,118,166.55118,48.551177978515625,100.0,LOW,Continue monitoring
86,89,103.8039,14.80390167236328,91.52,LOW,Continue monitoring
87,116,168.76596,52.765960693359375,100.0,LOW,Continue monitoring
88,115,138.79112,23.79112243652344,100.0,LOW,Continue monitoring
89,136,103.29996,-32.700042724609375,91.32,LOW,Continue monitoring
90,28,21.408321,-6.591678619384766,31.88,MEDIUM,Schedule inspection
91,38,27.51777,-10.482229232788086,40.02,MEDIUM,Schedule inspection
92,20,11.42847,-8.57153034210205,17.14,HIGH,Immediate maintenance review
93,85,42.99675,-42.00325012207031,60.66,MEDIUM,Schedule inspection
94,55,59.918453,4.918453216552734,73.97,LOW,Continue monitoring
95,128,114.99583,-13.004173278808594,96.0,LOW,Continue monitoring
96,137,139.41585,2.4158477783203125,100.0,LOW,Continue monitoring
97,82,85.005295,3.0052947998046875,84.0,LOW,Continue monitoring
98,59,81.39196,22.39196014404297,82.56,LOW,Continue monitoring
99,117,136.17326,19.173263549804688,100.0,LOW,Continue monitoring
100,20,15.818972,-4.181028366088867,23.73,HIGH,Immediate maintenance review
